[{"url": "https://github.com/OllisGit/OctoPrint-DisplayLayerProgress", "name": "DisplayLayerProgress Plugin", "key": "DisplayLayerProgress"}, {"url": "https://github.com/MoonshineSG/OctoPrint-TitleStatus", "name": "Title Status", "key": "title_status"}, {"url": "https://github.com/MoonshineSG/OctoPrint-ActiveFilters", "name": "Active Filters", "key": "active_filters"}, {"url": "https://github.com/AmedeeBulle/StatusLine", "name": "Status Line", "key": "status_line"}, {"url": "https://github.com/OctoPrint/OctoPrint-DisplayProgress", "name": "DisplayProgress", "key": "displayprogress"}, {"url": "https://github.com/foosel/OctoPrint-DisplayZ", "name": "DisplayZ", "key": "displayz"}, {"url": "https://github.com/vitormhenrique/OctoPrint-Enclosure", "name": "Enclosure Plugin", "key": "enclosure"}, {"url": "https://github.com/costas-basdekis/MarlinGcodeDocumentation", "name": "Marlin GCode Documentation", "key": "marlingcodedocumentation"}, {"url": "https://github.com/LazeMSS/OctoPrint-TopTemp", "name": "Top Temp", "key": "toptemp"}, {"url": "https://github.com/Salandora/octoprint-customControl", "name": "Custom Control Editor", "key": "customControl"}, {"url": "https://github.com/jneilliii/OctoPrint-BedLevelingWizard", "name": "Bed Leveling Wizard", "key": "bedlevelingwizard"}, {"url": "https://github.com/Peaches491/OctoPrint-Touchtest", "name": "Touchtest Plugin", "key": "touchtest"}, {"url": "https://github.com/jeffeb3/OctoPrint-TerminalMessaging", "name": "Terminal Messaging", "key": "terminalmessaging"}, {"url": "https://github.com/LazeMSS/OctoPrint-UICustomizer", "name": "UI Customizer", "key": "uicustomizer"}, {"url": "https://github.com/jneilliii/OctoPrint-TerminalCommandsExtended", "name": "Terminal Commands Extended", "key": "terminalcommandsextended"}, {"url": "https://github.com/benlye/OctoPrint-ActionCommandsPlugin", "name": "Action Commands", "key": "actioncommands"}, {"url": null, "name": "OctoKlipper", "key": "klipper"}, {"url": "https://github.com/ntoff/OctoPrint-FanSpeedSlider", "name": "Fan Speed Control", "key": "fanspeedslider"}, {"url": "https://github.com/crankeye/OctoPrint-CustomCSS", "name": "Custom CSS", "key": "customcss"}, {"url": "https://github.com/Sebclem/OctoPrint-SimpleEmergencyStop", "name": "Simple Emergency Stop", "key": "simpleemergencystop"}, {"url": "https://github.com/malnvenshorn/OctoPrint-WebcamTab", "name": "Webcam Tab", "key": "webcamtab"}, {"url": "https://github.com/kantlivelong/OctoPrint-GCodeSystemCommands", "name": "GCODE System Commands", "key": "gcodesystemcommands"}, {"url": "https://github.com/OctoPrint/OctoPrint-Yamlpatcher", "name": "Yamlpatcher", "key": "yamlpatcher"}, {"url": "https://github.com/ntoff/OctoPrint-ExtraDistance", "name": "Extra Distance Buttons", "key": "extradistance"}, {"url": "https://github.com/mtowara/OctoPrint-Gcodebar", "name": "Gcodebar Plugin", "key": "gcodebar"}, {"url": "https://github.com/jneilliii/OctoPrint-MultiLineTerminal", "name": "Multi Line Terminal", "key": "multilineterminal"}, {"url": "https://github.com/imrahil/OctoPrint-NavbarTemp", "name": "Navbar Temperature Plugin", "key": "navbartemp"}, {"url": "https://github.com/jneilliii/OctoPrint-BedLevelVisualizer", "name": "Bed Visualizer", "key": "bedlevelvisualizer"}, {"url": "https://github.com/j7126/OctoPrint-Dashboard", "name": "Dashboard", "key": "dashboard"}, {"url": "https://github.com/jneilliii/OctoPrint-ConsolidateTempControl", "name": "Consolidate Temp Control", "key": "consolidate_temp_control"}, {"url": "https://github.com/kantlivelong/OctoPrint-PSUControl", "name": "PSU Control", "key": "psucontrol"}, {"url": "https://github.com/xia0/OctoPrint-TerminalResponse", "name": "Terminal Response", "key": "terminalresponse"}]