[{"url": "https://github.com/OllisGit/OctoPrint-DisplayLayerProgress", "name": "DisplayLayerProgress Plugin", "key": "DisplayLayerProgress"}, {"url": "https://github.com/MoonshineSG/OctoPrint-TitleStatus", "name": "Title Status", "key": "title_status"}, {"url": "https://github.com/MoonshineSG/OctoPrint-ActiveFilters", "name": "Active Filters", "key": "active_filters"}, {"url": "https://github.com/AmedeeBulle/StatusLine", "name": "Status Line", "key": "status_line"}, {"url": "https://github.com/OctoPrint/OctoPrint-DisplayProgress", "name": "DisplayProgress", "key": "displayprogress"}, {"url": "https://github.com/OctoPrint/OctoPrint-FirmwareUpdater", "name": "Firmware Updater", "key": "firmwareupdater"}, {"url": "https://github.com/foosel/OctoPrint-DisplayZ", "name": "DisplayZ", "key": "displayz"}, {"url": "https://github.com/BillyBlaze/OctoPrint-FullScreen", "name": "Fullscreen Plugin", "key": "fullscreen"}, {"url": "https://github.com/Salandora/octoprint-customControl", "name": "Custom Control Editor", "key": "customControl"}, {"url": "https://github.com/jneilliii/OctoPrint-TabOrder", "name": "Tab Order", "key": "taborder"}, {"url": "https://github.com/jneilliii/OctoPrint-TerminalCommandsExtended", "name": "Terminal Commands Extended", "key": "terminalcommandsextended"}, {"url": "http://blog.mmone.de/2018/02/05/octoprint-plugin-for-klipper/", "name": "OctoKlipper", "key": "klipper"}, {"url": "https://github.com/ntoff/OctoPrint-FanSpeedSlider", "name": "Fan Speed Control", "key": "fanspeedslider"}, {"url": "https://github.com/Salandora/OctoPrint-EEprom-Repetier", "name": "EEPROM Repetier Editor Plugin", "key": "eeprom_repetier"}, {"url": "https://github.com/jneilliii/OctoPrint-BedLevelVisualizer", "name": "Bed Visualizer", "key": "bedlevelvisualizer"}, {"url": "https://github.com/OctoPrint/OctoPrint-Yamlpatcher", "name": "Yamlpatcher", "key": "yamlpatcher"}, {"url": "https://github.com/ntoff/OctoPrint-ExtraDistance", "name": "Extra Distance Buttons", "key": "extradistance"}, {"url": "https://github.com/imrahil/OctoPrint-NavbarTemp", "name": "Navbar Temperature Plugin", "key": "navbartemp"}, {"url": "https://github.com/kantlivelong/OctoPrint-PSUControl", "name": "PSU Control", "key": "psucontrol"}]