{
    "OptoEndstop-mount.gcode": {
        "statistics": {
            "averagePrintTime": {
                "rpd3-e3dv6": 1320.7932161290082
            },
            "lastPrintTime": {
                "rpd3-e3dv6": 1320.7932161290082
            }
        },
        "hash": "ab86ed89ab6cf78a6c84db78e2b36d4b7d354a06",
        "analysis": {
            "estimatedPrintTime": 930.6829432546241,
            "printingArea": {
                "maxZ": 15.0,
                "maxX": 168.399,
                "maxY": 124.1,
                "minX": 131.4,
                "minY": 76.097,
                "minZ": 0.2
            },
            "dimensions": {
                "width": 36.998999999999995,
                "depth": 48.003,
                "height": 14.8
            },
            "filament": {
                "tool0": {
                    "volume": 0.0,
                    "length": 884.509900000022
                }
            }
        },
        "history": [
            {
                "timestamp": 1587216819.505969,
                "printTime": 1320.7932161290082,
                "printerProfile": "rpd3-e3dv6",
                "success": true
            }
        ]
    },
    "OptoEndstop-flag-mount-bot.gcode": {
        "statistics": {
            "averagePrintTime": {
                "rpd3-e3dv6": 1101.112504331977
            },
            "lastPrintTime": {
                "rpd3-e3dv6": 1101.112504331977
            }
        },
        "hash": "4e1ce347eba5a731e2026fd4d307a9f1e8e0c949",
        "analysis": {
            "estimatedPrintTime": 832.1989062483981,
            "printingArea": {
                "maxZ": 20.0,
                "maxX": 167.6,
                "maxY": 110.6,
                "minX": 132.4,
                "minY": 89.4,
                "minZ": 0.2
            },
            "dimensions": {
                "width": 35.19999999999999,
                "depth": 21.19999999999999,
                "height": 19.8
            },
            "filament": {
                "tool0": {
                    "volume": 0.0,
                    "length": 523.1981999999881
                }
            }
        },
        "history": [
            {
                "timestamp": 1587226568.911673,
                "printTime": 1101.112504331977,
                "printerProfile": "rpd3-e3dv6",
                "success": true
            }
        ]
    }
}